first_name,last_name,gender,email,password,recovery_email
Karolina,Kowalska,f,kowalska01karolina@gmail.com,Karolina2001kowalska*,sandrazalewska@gmail.com
Karol,Kozłowski,m,kozlowskikarol2000@gmail.com,00karolkozlowski>,jerzygajewski@gmail.com
Marian,Pawlak,m,marian2001pawlak@gmail.com,Pawlak01marian[,sylwesterwrobel@gmail.com
Edyta,Jasińska,f,edyta1999jasinska@gmail.com,Jasinska99edyta#,dorotapietrzak@gmail.com
Janusz,Wilk,m,wilkjanusz96@gmail.com,Janusz1996wilk%,aleksanderborowski@gmail.com
Wioleta,Zielińska,f,wioletazielinska99@gmail.com,99wioletazielinska&,dominikapawlak@gmail.com
Kazimierz,Witkowski,m,kazimierzwitkowski99@gmail.com,Kazimierz1999witkowski-,hubertblaszczyk@gmail.com
Zdzisław,Jasiński,m,jasinskizdzislaw03@gmail.com,Jasinskizdzislaw03/,edmundwojcik@gmail.com
