first_name,last_name,gender,email,password,recovery_email
Karol,Baran,m,baran1996karol@gmail.com,Karolbaran1996),krzysztofszymanski@gmail.com
Zbigniew,Malinowski,m,malinowski96zbigniew@gmail.com,1996zbigniewmalinowski^,piotrwroblewski@gmail.com
Leszek,Sadowski,m,sadowskileszek1996@gmail.com,Sadowskileszek96:,bogdanrutkowski@gmail.com
Miłosz,Borkowski,m,borkowski02milosz@gmail.com,2002miloszborkowski],ludwikmroz@gmail.com
Dominik,Zieliński,m,dominik00zielinski@gmail.com,Zielinski00dominik',pawelkrawczyk@gmail.com
Sylwia,Jabłońska,f,sylwia97jablonska@gmail.com,Jablonskasylwia97',irenapietrzak@gmail.com
Wiesław,Zalewski,m,wieslawzalewski03@gmail.com,2003wieslawzalewski[,romansokolowski@gmail.com
Ludwik,Rutkowski,m,ludwik2002rutkowski@gmail.com,Ludwik02rutkowski~,radoslawzawadzki@gmail.com
Adrian,Sikora,m,adrian1996sikora@gmail.com,Adriansikora1996/,ireneuszkowalczyk@gmail.com
Mateusz,Dąbrowski,m,dabrowski96mateusz@gmail.com,Dabrowskimateusz96@,piotrwojciechowski@gmail.com
Bartłomiej,Krawczyk,m,bartlomiejkrawczyk2002@gmail.com,Krawczyk2002bartlomiej;,dariusztomaszewski@gmail.com
Mateusz,Sobczak,m,sobczakmateusz01@gmail.com,Sobczak2001mateusz(,piotrsokolowski@gmail.com
Marta,Zalewska,f,marta97zalewska@gmail.com,Zalewska97marta%,sandrasadowska@gmail.com
Romuald,Borowski,m,borowski1996romuald@gmail.com,Borowskiromuald96@,grzegorzkubiak@gmail.com
